"","Lower CI","Median","Upper CI"
"U statistic",1237.25,1350,1443.3
"p-value",1.17804924154546e-08,1.17648517994367e-06,0.000119458514817866
