"","Lower CI","Median","Upper CI"
"U statistic",1196.5,1340,1478.5
"p-value",1.75404878601808e-09,1.84845371253287e-06,0.000494829755834802
