"","Lower CI","Median","Upper CI"
"U statistic",1499.9,1662,1791
"p-value",1.71227909770588e-10,8.14997899830558e-08,4.26299918756828e-05
