"","Lower CI","Median","Upper CI"
"U statistic",1190.45,1327,1442.1
"p-value",1.24212580687455e-08,3.28489167667611e-06,0.000596037594990281
