"","Lower CI","Median","Upper CI"
"U statistic",1188.85,1340,1445.65
"p-value",1.02936037696547e-08,1.84845371253287e-06,0.000640349035935735
