"","Lower CI","Median","Upper CI"
"U statistic",1216.6,1338,1464.05
"p-value",3.94708296541852e-09,2.0212557299074e-06,0.000249798380606266
